horizon,model,mean_mae,mean_rmse,mean_mape,mean_wape,mean_directional_accuracy
1,LightGBM,33.381,46.866,1.457,1.474,0.68
1,Linear Regression,35.402,50.818,1.569,1.584,0.571
1,Naive,32.084,52.245,1.418,1.432,0.0
1,Random Forest,37.957,53.193,1.641,1.674,0.629
7,LightGBM,170.059,212.116,7.519,7.67,0.494
7,Linear Regression,170.795,209.376,7.599,7.564,0.562
7,Naive,157.107,194.495,6.968,7.032,0.0
7,Random Forest,188.579,231.381,8.228,8.37,0.456
14,LightGBM,296.363,359.916,12.8,13.169,0.493
14,Linear Regression,302.798,359.34,13.21,13.172,0.507
14,Naive,225.176,285.598,10.048,10.107,0.0
14,Random Forest,295.94,355.571,12.71,13.123,0.458
30,LightGBM,396.174,490.303,16.645,17.328,0.524
30,Linear Regression,515.932,559.376,21.753,22.026,0.518
30,Naive,298.504,375.091,13.193,13.416,0.0
30,Random Forest,364.507,442.545,15.569,15.97,0.556
