feature,importance_gain,importance_shap,horizon
bdi_lag1,279.0,777.0230466874481,1
bdi_pct_change7,96.2,19.01904031725879,1
bdi_lag14,97.4,5.908226830555356,1
bdi_rollmean30,45.2,4.42964355397784,1
bdi_pct_change14,33.2,3.9185661883403595,1
bdi_lag7,68.8,3.045698528954392,1
bdi_rollmean7,30.6,2.9642506954763435,1
usd_inr,17.4,2.948418819618248,1
bdi_rollstd30,140.8,2.508330695189515,1
day_of_week,41.6,2.4433567955046582,1
bdi_rollmean14,34.4,2.322394922039245,1
bdi_lag30,104.6,2.0286309965889875,1
brent_usd_per_bbl,20.6,1.943450091908992,1
qingdao_wind_rolling7,38.2,1.9142842548454386,1
iron_ore_price,27.2,1.7921457171784254,1
richards_bay_wind_rolling7,18.0,1.7684026554022352,1
bdi_rollstd7,50.6,1.396524226753342,1
porthedland_wind_rolling7,14.8,1.1348791784915904,1
paradip_wind_speed,17.2,1.096401869525792,1
bdi_rollstd14,66.0,0.9100241266962635,1
rotterdam_wind_rolling7,12.4,0.8261291992218178,1
qingdao_wind_speed,13.6,0.803413721228026,1
santos_wind_speed,8.6,0.7081938728760564,1
rotterdam_wind_speed,8.8,0.689688915018481,1
usd_inr_pct_change_1d,9.0,0.507030579994104,1
brent_pct_change_1d,5.6,0.3630859899161993,1
brent_pct_change_7d,9.2,0.3620286767998521,1
newcastle_wind_rolling7,7.0,0.34426224771824343,1
richards_bay_wind_speed,4.6,0.32010011387726056,1
coal_price,11.4,0.31654988091313324,1
fuel_to_coal_ratio,7.2,0.2817817904617569,1
newcastle_precip,3.8,0.27149193712439923,1
month,2.6,0.2608391557328923,1
newcastle_wind_speed,6.8,0.248572225758579,1
santos_precip,2.6,0.22942719759694263,1
richards_bay_precip,2.8,0.21113322453236685,1
paradip_wind_rolling7,5.6,0.20149427637973907,1
rotterdam_precip,4.4,0.16416484003879708,1
santos_wind_rolling7,11.0,0.12881349283493795,1
paradip_precip,4.0,0.12700935798850393,1
qingdao_precip,1.2,0.113942157342799,1
porthedland_wind_speed,1.8,0.05477671622533804,1
coal_import_value_inr_mn,0.4,0.021891387987070465,1
coal_import_qty_mt,0.2,0.0014313235064545861,1
is_chinese_new_year_period,0.0,0.0,1
paradip_stale_days,0.0,0.0,1
paradip_high_congestion_flag,0.0,0.0,1
paradip_high_wind_flag,0.0,0.0,1
is_monsoon_season,0.0,0.0,1
is_fiscal_year_end,0.0,0.0,1
newcastle_high_wind_flag,0.0,0.0,1
newcastle_stale_days,0.0,0.0,1
paradip_utilization,0.0,0.0,1
richards_bay_high_wind_flag,0.0,0.0,1
qingdao_stale_days,0.0,0.0,1
quarter,0.0,0.0,1
porthedland_stale_days,0.0,0.0,1
porthedland_precip,0.0,0.0,1
porthedland_high_wind_flag,0.0,0.0,1
qingdao_high_wind_flag,0.0,0.0,1
richards_bay_stale_days,0.0,0.0,1
santos_high_wind_flag,0.0,0.0,1
rotterdam_high_wind_flag,0.0,0.0,1
rotterdam_stale_days,0.0,0.0,1
santos_stale_days,0.0,0.0,1
vizag_high_congestion_flag,0.0,0.0,1
vizag_utilization,0.0,0.0,1
year,0.0,0.0,1
bdi_lag1,213.6,659.8119288777559,7
usd_inr,64.0,44.479412899248494,7
bdi_pct_change7,75.6,40.484574479930394,7
iron_ore_price,81.8,28.59984116513355,7
bdi_rollmean7,36.2,25.186347185245584,7
bdi_lag30,74.0,24.975070576148635,7
month,57.4,24.29037995579672,7
bdi_pct_change14,86.6,23.942148576218305,7
bdi_rollmean30,67.8,21.129040629728078,7
is_monsoon_season,10.8,9.635626498842353,7
brent_usd_per_bbl,66.6,9.050136162936615,7
porthedland_stale_days,1.2,8.83299011097581,7
bdi_lag14,45.4,8.757435449911155,7
santos_wind_rolling7,47.2,7.275274517776739,7
bdi_lag7,47.8,6.873216492127673,7
coal_price,44.0,6.56823905427323,7
porthedland_wind_rolling7,40.4,6.537758169845399,7
bdi_rollstd30,69.6,6.5266048376506065,7
bdi_rollmean14,19.8,5.88311561611567,7
brent_pct_change_7d,34.0,5.690306818327277,7
bdi_rollstd14,59.0,5.549995692682599,7
bdi_rollstd7,38.0,5.336607530778657,7
richards_bay_wind_rolling7,23.0,4.923712905875218,7
qingdao_wind_rolling7,56.2,4.756392614492555,7
newcastle_wind_rolling7,25.6,4.287333803321928,7
paradip_wind_rolling7,43.2,3.996725106434662,7
rotterdam_wind_rolling7,31.8,3.9775937821700067,7
coal_import_qty_mt,10.8,3.95915162185142,7
fuel_to_coal_ratio,30.4,3.5656305026276414,7
paradip_utilization,14.4,3.1112141859002653,7
paradip_precip,12.2,3.0041683420629335,7
richards_bay_wind_speed,12.4,2.2057290309429964,7
qingdao_wind_speed,15.2,1.5508511591048655,7
rotterdam_precip,9.0,1.3637335633028298,7
year,1.8,1.3184044239397343,7
paradip_wind_speed,9.6,1.307507713297259,7
coal_import_value_inr_mn,7.8,1.177319009287577,7
rotterdam_wind_speed,10.4,1.1446678503439625,7
santos_precip,8.0,1.1334411500334869,7
newcastle_precip,5.8,0.9662555557682854,7
usd_inr_pct_change_1d,8.6,0.9420057942798762,7
porthedland_wind_speed,10.8,0.9336866971160921,7
qingdao_precip,7.6,0.895494274338494,7
newcastle_wind_speed,11.4,0.8934226327694373,7
vizag_utilization,6.4,0.8096321325175586,7
richards_bay_precip,7.4,0.593578986205433,7
paradip_high_wind_flag,0.2,0.3862301344976262,7
santos_wind_speed,3.6,0.3459149063443688,7
brent_pct_change_1d,1.6,0.1919705140763637,7
is_fiscal_year_end,0.6,0.08455576585222978,7
porthedland_precip,0.8,0.05879248729131439,7
day_of_week,0.4,0.05501296241332666,7
paradip_stale_days,0.0,0.0,7
paradip_high_congestion_flag,0.0,0.0,7
newcastle_high_wind_flag,0.0,0.0,7
newcastle_stale_days,0.0,0.0,7
is_chinese_new_year_period,0.0,0.0,7
qingdao_high_wind_flag,0.0,0.0,7
porthedland_high_wind_flag,0.0,0.0,7
quarter,0.0,0.0,7
richards_bay_stale_days,0.0,0.0,7
richards_bay_high_wind_flag,0.0,0.0,7
qingdao_stale_days,0.0,0.0,7
rotterdam_high_wind_flag,0.0,0.0,7
santos_high_wind_flag,0.0,0.0,7
rotterdam_stale_days,0.0,0.0,7
santos_stale_days,0.0,0.0,7
vizag_high_congestion_flag,0.0,0.0,7
bdi_lag1,143.8,528.9480920846241,14
usd_inr,101.6,96.50063099578149,14
iron_ore_price,125.2,73.68341352866437,14
bdi_lag30,99.2,66.39487368154832,14
bdi_rollmean30,83.6,45.58618504257606,14
is_monsoon_season,21.4,38.68753463087893,14
bdi_pct_change7,71.4,38.0971040548499,14
bdi_pct_change14,51.8,34.075327578279484,14
porthedland_stale_days,4.2,33.66018956376788,14
month,66.6,33.2471146540762,14
coal_price,81.4,22.883521530849638,14
bdi_rollmean7,30.8,22.30085443853188,14
bdi_rollstd14,59.4,18.902059242992607,14
paradip_wind_rolling7,57.6,13.081562635227698,14
bdi_rollmean14,34.8,12.166148747877841,14
rotterdam_wind_rolling7,37.6,11.955627431544121,14
brent_usd_per_bbl,61.6,10.704301804206128,14
paradip_utilization,27.8,10.536149875096793,14
bdi_lag7,38.8,9.820613600362346,14
bdi_lag14,28.8,8.924973298749816,14
porthedland_wind_rolling7,33.6,8.44211858717272,14
brent_pct_change_7d,36.0,8.430496798912378,14
is_fiscal_year_end,10.0,8.227095240411252,14
coal_import_qty_mt,26.6,7.855196980578446,14
bdi_rollstd30,71.0,7.025338635958872,14
qingdao_wind_rolling7,31.6,6.413053793659216,14
santos_wind_rolling7,41.4,6.308739620850167,14
fuel_to_coal_ratio,44.6,6.030474895335483,14
bdi_rollstd7,15.2,5.07589362863446,14
newcastle_wind_rolling7,19.2,5.073382002322175,14
vizag_utilization,11.8,4.083324024197895,14
paradip_precip,9.6,3.904472767723303,14
richards_bay_precip,9.0,3.5140085291576555,14
richards_bay_wind_rolling7,17.8,2.445607524986716,14
coal_import_value_inr_mn,11.4,2.091826596860039,14
santos_precip,8.0,1.7891938250297994,14
year,2.0,1.6992350728952164,14
rotterdam_precip,4.8,1.5130723737435567,14
santos_wind_speed,3.6,1.4077347604429833,14
qingdao_wind_speed,8.6,1.058722711463399,14
richards_bay_wind_speed,6.6,0.8305342041831443,14
brent_pct_change_1d,3.2,0.7251453837853475,14
rotterdam_wind_speed,7.2,0.6946564408823097,14
paradip_wind_speed,7.2,0.5970364093121416,14
usd_inr_pct_change_1d,2.6,0.5882223534309027,14
porthedland_wind_speed,7.2,0.4067377785186122,14
qingdao_precip,1.4,0.24589232383286702,14
newcastle_precip,1.0,0.10658706564613649,14
day_of_week,0.4,0.07748740223216752,14
newcastle_wind_speed,0.4,0.01068988455137449,14
newcastle_high_wind_flag,0.0,0.0,14
is_chinese_new_year_period,0.0,0.0,14
paradip_stale_days,0.0,0.0,14
paradip_high_wind_flag,0.0,0.0,14
paradip_high_congestion_flag,0.0,0.0,14
newcastle_stale_days,0.0,0.0,14
porthedland_precip,0.0,0.0,14
porthedland_high_wind_flag,0.0,0.0,14
qingdao_high_wind_flag,0.0,0.0,14
quarter,0.0,0.0,14
richards_bay_stale_days,0.0,0.0,14
richards_bay_high_wind_flag,0.0,0.0,14
qingdao_stale_days,0.0,0.0,14
rotterdam_high_wind_flag,0.0,0.0,14
santos_high_wind_flag,0.0,0.0,14
rotterdam_stale_days,0.0,0.0,14
santos_stale_days,0.0,0.0,14
vizag_high_congestion_flag,0.0,0.0,14
bdi_lag1,59.2,217.46603122540765,30
bdi_rollmean30,98.8,125.5631080537856,30
usd_inr,104.0,112.36178982811207,30
iron_ore_price,176.0,111.54212344637737,30
bdi_lag30,88.8,76.26422367984114,30
porthedland_stale_days,2.6,56.500498842760976,30
year,8.2,55.67999569630899,30
is_monsoon_season,22.0,50.61436557417776,30
month,83.0,41.074367585989975,30
coal_price,112.2,38.306272031985955,30
brent_usd_per_bbl,110.2,27.449590667727232,30
fuel_to_coal_ratio,80.2,24.502879574752527,30
paradip_wind_rolling7,52.2,20.987510900138126,30
paradip_utilization,30.6,19.028392491111667,30
bdi_rollmean14,28.0,14.218129796504808,30
rotterdam_wind_rolling7,31.0,11.10557878050764,30
bdi_lag14,57.4,9.994649053513568,30
porthedland_wind_rolling7,31.0,9.625732582513756,30
qingdao_wind_rolling7,35.8,8.438012820061804,30
santos_wind_rolling7,21.2,8.261064950445832,30
brent_pct_change_7d,25.2,8.1108105614551,30
bdi_pct_change7,33.6,7.912498207930682,30
bdi_rollstd30,56.6,7.8354345246189165,30
bdi_lag7,27.2,7.415522127418003,30
bdi_rollstd14,32.4,7.093499413020142,30
coal_import_qty_mt,23.6,6.62427599762713,30
bdi_pct_change14,41.8,6.212217581227459,30
vizag_utilization,18.4,6.039469542614468,30
bdi_rollmean7,21.0,5.96052491569637,30
bdi_rollstd7,23.2,5.665772525512233,30
coal_import_value_inr_mn,13.6,5.365721791923372,30
is_fiscal_year_end,10.6,5.161110576433009,30
paradip_wind_speed,11.4,3.9065184216695963,30
richards_bay_wind_rolling7,16.0,3.7918481451188057,30
newcastle_wind_rolling7,23.4,2.2795347165244544,30
santos_precip,8.2,2.0345490598834357,30
richards_bay_precip,6.0,1.6742949780177288,30
paradip_precip,4.8,1.6327802196622454,30
usd_inr_pct_change_1d,3.8,1.3373216653754627,30
rotterdam_wind_speed,5.2,1.0010525457660375,30
richards_bay_wind_speed,4.0,0.8672703152216487,30
brent_pct_change_1d,3.2,0.8279568955720521,30
newcastle_precip,2.8,0.7577147037548612,30
qingdao_precip,3.2,0.5892268079406948,30
newcastle_wind_speed,1.8,0.20547581910937374,30
qingdao_wind_speed,1.6,0.19078104692911896,30
porthedland_precip,0.8,0.17026410397684652,30
rotterdam_precip,1.0,0.16244546809056173,30
santos_wind_speed,1.6,0.16036758724179143,30
porthedland_wind_speed,1.4,0.13115715654115945,30
day_of_week,0.2,0.030755186848628567,30
is_chinese_new_year_period,0.0,0.0,30
paradip_stale_days,0.0,0.0,30
paradip_high_wind_flag,0.0,0.0,30
paradip_high_congestion_flag,0.0,0.0,30
newcastle_stale_days,0.0,0.0,30
newcastle_high_wind_flag,0.0,0.0,30
qingdao_high_wind_flag,0.0,0.0,30
porthedland_high_wind_flag,0.0,0.0,30
quarter,0.0,0.0,30
richards_bay_stale_days,0.0,0.0,30
richards_bay_high_wind_flag,0.0,0.0,30
qingdao_stale_days,0.0,0.0,30
rotterdam_high_wind_flag,0.0,0.0,30
santos_high_wind_flag,0.0,0.0,30
rotterdam_stale_days,0.0,0.0,30
santos_stale_days,0.0,0.0,30
vizag_high_congestion_flag,0.0,0.0,30
